Date,Global_Total_GHG_emissions,Global_Non-energy_related_GHG_emissions,Global_Energy-related_GHG_emissions ,GlobalTotal_CO2_emissions,Global_Nonenergy_related_CO2_emissions,Global_Energy_related_CO2_emissions,Global_Oil_CO2Emissions,GlobaNatural_gas_Emissions,Global_Coal_Emissions,Global_Biomass_EmmissionReduction,Global_CO2_Emissions_per_GDP,Global_CO2_Emissionsper_Capita,GlobalCO2_Emissions_per_Primary_Energy_Consumption,Global_CO2_Emissions_relative_to_2005_Level,Carbontax_United_States,CO2_Emissions_per_GDP_metrictonnes_CO2_equivalent_per_real _million_USD,CO2_Emissions_per_Capita_metric_tonnes_CO2_ equivalent_per_person),Population_million_people,Global_Total_Energy_Demand_MTOE,Global_Total_Electricity_Demand_MTOE,Global_Oil_Demand_MTOE,Global_Natural_gas_demandMTOE,Global_CoalMTOE,Global_Hydrogen_Demand_MTOE,GlobalTraditional_biomassMTOE,GlobalModern_biomassMTOE,Primary_Energy_Oil_percent,Primary_Energy_Gas_percent,Primary_Coal_percent,Primary_Nuclear_percent,Primary_Hydro_percent,Primary_Renewables_percent,Primary_Modern_biomass_percent,Primary_Other_percent,Africa_MTOE,Asia_Pacific_MTOE,OECD_Asia_Pacific_MTOE,Non-OECD_Asia_Pacific_MTOE,Southeast_Asia_Pacific_MTOE,CIS_MTO ,Europe_MTOE,European_Union_MTOE,Non-EU_MTOE,Latin_America_MTOE,Middle_East_MTOE,North_America_MTOE,OECD_MTOE,Non-OECD_MTOE,Global_Total_energy _consumption,Residential_MTOE,Agricultural_MTOE,Commercial_MTOE,Industry_MTOE,Feedstocks_MTOE,Transport_MTOE,Road_transport_MTOE,Rail_MTOE,Aviation_MTOE,Marine_bunkers_MTOE,Other_transport_MTOE,Total_Demand_by_sector_MTOE,Global_Residential_Emissions,Global_Commercial_emissions,Global_Agricultural_emmissions,Global_Transportation_Emissions,Global_Road_transport_emissions,Global_Rail_emissions,Global_Aviation_emmissions,Global_Marine_ bunkers_emmisions,Global_Other_transport_emmission,Global_Industrial_CO2,Global_Electric_CO2,Global_District_ heating_CO2,Global_Other_CO2,Total,Carbontax_Canada,CarbonTax_China_mainland,Carbontax_France,Carbontax_Germany,Carbontax_Italy,Carbontax_Japan,Carbontax_United_Kingdom,Carbontax_United_States_01,Global_Energy-related_CO2 captured_saved_by_fuel,Oil_emissions_captured_saved,NGAS_emissions_captured_saved,Coal_emissions_captured_saved,Biomass_emissions_captured_saved,Industrial_CO2_captured_Saved,District_heating_captured_saved,Electric_power_captured_saved
1990,"34,674","10,377","24,297","24,678","3,020","21,658","9,096","3,735","8,827",0,566.8,4.1,2.5,0.77,$0.00,566.8,4.1,"5,324","6,000.1",832.3,"2,373.0",878.5,675.7,98.5,604.6,197.7,36.5,19.2,25.5,2.1,6.1,0.4,3.3,7.0,302.3,"1,611.8",424.4,"1,187.4",186.8,888.0,"1,258.4","1,017.3",241.1,270.1,161.2,"1,508.3","3,122.1","2,877.9","6,000.1","1,535.4",160.0,701.0,"1,731.4",344.4,"1,527.9","1,109.2",43.5,154.6,150.6,69.9,"6,000.1","1,841","1,083",417,"4,585",NA,NA,NA,NA,NA,"4,527","6,252","1,243","1,712","21,658",$0.00,$0.00,$0.00,$0.00,$0.00,$0.00,$0.00,$0.00,0.0,0.0,0.0,0.0,0.0,0.0,0.0,0.0
1991,"33,886","10,337","23,549","23,913","2,977","20,936","8,859","3,703","8,374",0,541.0,3.9,2.4,0.74,$0.00,541.0,3.9,"5,412","6,099.5",858.9,"2,426.8",905.5,653.8,99.2,611.9,203.2,36.4,19.7,24.7,2.2,6.3,0.4,3.3,7.1,308.0,"1,650.2",439.6,"1,210.6",190.4,896.9,"1,262.9","1,017.9",244.9,272.9,173.1,"1,535.5","3,186.1","2,913.4","6,099.5","1,565.8",167.8,724.0,"1,721.1",357.3,"1,563.5","1,138.8",43.2,152.0,157.1,72.4,"6,099.5","1,831","1,100",401,"4,554",NA,NA,NA,NA,NA,"4,055","6,264","1,211","1,519","20,936",$0.00,$0.00,$0.00,$0.00,$0.00,$0.00,$0.00,$0.00,0.6,0.0,0.6,0.0,0.0,0.6,0.0,0.0
1992,"33,916","10,409","23,506","23,853","2,966","20,887","8,948","3,707","8,232",0,529.5,3.8,2.4,0.74,$0.00,529.5,3.8,"5,498","6,098.4",864.6,"2,473.5",899.8,589.9,101.7,617.5,210.7,36.7,19.6,24.2,2.2,6.3,0.5,3.4,7.1,312.7,"1,697.5",453.5,"1,244.0",201.8,839.1,"1,237.3",996.3,241.0,277.2,188.7,"1,545.8","3,197.0","2,901.4","6,098.4","1,571.7",166.7,699.4,"1,687.8",368.0,"1,604.7","1,163.4",43.9,157.5,166.6,73.3,"6,098.4","1,804",967,402,"4,681",NA,NA,NA,NA,NA,"3,934","6,396","1,196","1,508","20,887",$0.00,$0.00,$0.00,$0.00,$0.00,$0.00,$0.00,$0.00,0.6,0.0,0.6,0.0,0.0,0.6,0.0,0.0
1993,"34,048","10,458","23,590","23,960","2,983","20,977","8,972","3,770","8,234",0,523.6,3.8,2.4,0.74,$0.00,523.6,3.8,"5,581","6,164.6",881.8,"2,512.2",916.3,583.4,104.8,624.3,204.0,36.5,19.9,24.0,2.3,6.5,0.5,3.3,7.1,316.3,"1,768.5",470.0,"1,298.5",211.1,788.0,"1,237.3",993.1,244.3,286.1,196.0,"1,572.3","3,245.5","2,919.1","6,164.6","1,713.6",172.0,602.2,"1,673.8",371.4,"1,631.6","1,191.5",44.4,163.5,165.4,66.7,"6,164.6","1,859",985,395,"4,761",NA,NA,NA,NA,NA,"3,914","6,400","1,174","1,489","20,977",$0.00,$0.00,$0.00,$0.00,$0.00,$0.00,$0.00,$0.00,0.6,0.0,0.6,0.0,0.0,0.6,0.0,0.0
1994,"34,219","10,456","23,763","23,996","2,842","21,154","9,077","3,782","8,295",0,511.6,3.7,2.4,0.75,$0.00,511.6,3.7,"5,663","6,186.8",904.8,"2,553.7",908.8,564.0,106.6,631.6,205.5,36.7,19.6,24.0,2.3,6.5,0.5,3.4,7.1,326.9,"1,822.4",491.3,"1,331.1",224.3,680.3,"1,233.7",992.6,241.1,299.4,214.8,"1,609.4","3,303.6","2,883.1","6,186.8","1,699.7",175.3,599.4,"1,659.5",380.6,"1,672.4","1,220.6",40.9,179.2,166.8,64.9,"6,186.8","1,779",942,402,"4,882",NA,NA,NA,NA,NA,"3,924","6,601","1,087","1,536","21,154",$0.00,$0.00,$0.00,$0.00,$0.00,$0.00,$0.00,$0.00,0.6,0.0,0.6,0.0,0.0,0.6,0.0,0.0
1995,"34,861","10,537","24,324","24,487","2,773","21,715","9,278","3,913","8,523",0,509.8,3.8,2.4,0.77,$0.00,509.8,3.8,"5,745","6,356.6",932.9,"2,645.4",937.4,587.3,108.1,638.5,215.3,36.4,19.8,24.0,2.3,6.6,0.5,3.4,7.0,341.3,"1,936.0",514.2,"1,421.7",243.7,647.8,"1,262.5","1,016.0",246.6,313.1,219.9,"1,636.0","3,382.5","2,974.1","6,356.6","1,744.5",180.3,588.0,"1,734.6",395.3,"1,714.0","1,254.8",40.3,186.7,166.9,65.3,"6,356.6","1,858",900,419,"5,004",NA,NA,NA,NA,NA,"4,171","6,820","1,012","1,531","21,715",$0.00,$0.00,$0.00,$0.00,$0.00,$0.00,$0.00,$0.00,0.6,0.0,0.6,0.0,0.0,0.6,0.0,0.0
1996,"35,037","10,134","24,903","24,575","2,304","22,271","9,500","4,097","8,674",0,505.1,3.8,2.4,0.79,$0.00,505.1,3.8,"5,825","6,466.9",963.3,"2,740.5",987.2,532.9,111.8,645.3,218.5,36.3,20.1,23.8,2.3,6.7,0.5,3.4,6.9,353.8,"1,952.7",529.6,"1,423.1",259.3,594.1,"1,320.1","1,057.5",262.5,326.2,228.2,"1,691.8","3,505.6","2,961.2","6,466.9","1,784.3",166.5,610.6,"1,715.3",407.4,"1,782.8","1,300.7",40.3,197.1,178.9,65.9,"6,466.9","1,893",913,383,"5,209",NA,NA,NA,NA,NA,"4,118","7,163",970,"1,620","22,271",$0.00,$0.00,$0.00,$0.00,$0.00,$0.00,$0.00,$0.00,0.6,0.0,0.6,0.0,0.0,0.6,0.0,0.0
1997,"36,115","11,109","25,006","25,738","3,311","22,427","9,709","4,119","8,599",0,489.7,3.8,2.4,0.79,$0.00,489.7,3.8,"5,905","6,539.5",985.9,"2,807.7",968.6,534.2,116.0,650.0,221.8,36.9,20.1,23.4,2.3,6.6,0.5,3.4,6.9,363.0,"2,014.6",544.4,"1,470.2",275.2,569.8,"1,316.4","1,054.5",261.9,338.7,235.6,"1,701.3","3,529.8","3,009.7","6,539.5","1,786.5",179.5,609.9,"1,718.7",434.5,"1,810.4","1,327.9",38.5,204.5,178.1,61.3,"6,539.5","1,904",894,426,"5,290",NA,NA,NA,NA,NA,"4,113","7,337",916,"1,547","22,427",$0.00,$0.00,$0.00,$0.00,$0.00,$0.00,$0.00,$0.00,0.6,0.0,0.6,0.0,0.0,0.6,0.0,0.0
1998,"35,184","10,269","24,916","24,902","2,414","22,488","9,772","4,143","8,572",0,478.0,3.8,2.3,0.80,$0.00,478.0,3.8,"5,985","6,548.8","1,010.5","2,817.7",949.3,514.9,120.6,655.0,226.9,36.8,20.2,23.2,2.3,6.7,0.5,3.4,6.9,369.8,"2,009.7",528.1,"1,481.6",270.5,563.5,"1,327.5","1,061.6",265.9,345.7,243.2,"1,689.4","3,516.2","3,032.6","6,548.8","1,767.9",177.3,608.6,"1,708.9",437.3,"1,848.8","1,355.8",36.2,208.6,181.2,67.0,"6,548.8","1,780",845,421,"5,402",NA,NA,NA,NA,NA,"4,122","7,518",902,"1,498","22,488",$0.00,$0.00,$0.00,$0.00,$0.00,$0.00,$0.00,$0.00,0.6,0.0,0.6,0.0,0.0,0.6,0.0,0.0
1999,"35,812","10,022","25,789","25,552","2,141","23,411","10,010","4,564","8,837",0,480.9,3.9,2.4,0.83,$0.00,480.9,3.9,"6,064","6,677.0","1,040.8","2,901.5",975.4,464.7,124.7,662.8,251.4,36.9,20.4,22.8,2.3,6.8,0.6,3.4,6.9,380.7,"2,043.8",550.4,"1,493.4",288.2,571.3,"1,321.6","1,054.8",266.8,351.6,253.8,"1,754.3","3,605.0","3,072.0","6,677.0","1,799.9",177.2,634.1,"1,706.8",457.6,"1,901.3","1,389.6",36.2,214.7,193.5,67.4,"6,677.0","1,818",882,422,"5,562",NA,NA,NA,NA,NA,"4,559","7,596",903,"1,670","23,411",$0.00,$0.00,$0.00,$0.00,$0.00,$0.00,$0.00,$0.00,0.6,0.0,0.6,0.0,0.0,0.6,0.0,0.0
2000,"36,376","9,986","26,390","26,059","2,062","23,997","10,074","4,730","9,194",0,471.9,3.9,2.4,0.85,$0.00,471.9,3.9,"6,143","6,806.5","1,088.9","2,951.9","1,002.7",459.6,129.1,663.4,254.0,36.4,20.7,23.2,2.2,6.8,0.6,3.3,6.7,385.1,"2,091.6",567.0,"1,524.6",301.5,570.9,"1,340.0","1,065.1",274.9,356.2,256.2,"1,806.4","3,691.8","3,114.6","6,806.5","1,826.8",154.0,629.5,"1,753.5",478.6,"1,964.1","1,436.0",41.4,224.2,199.6,62.9,"6,806.5","1,850",839,353,"5,755","4,219",86,674,636,140,"4,614","8,014",962,"1,611","23,997",$0.00,$0.00,$0.00,$0.00,$0.00,$0.00,$0.00,$0.00,0.6,0.0,0.6,0.0,0.0,0.6,0.0,0.0
2001,"36,949","10,255","26,694","26,552","2,260","24,291","10,166","4,799","9,326",0,467.9,3.9,2.4,0.86,$0.00,467.9,3.9,"6,222","6,849.0","1,104.7","2,988.3",988.4,467.5,131.1,662.4,244.5,36.5,20.8,23.3,2.2,6.8,0.6,3.3,6.6,394.0,"2,129.3",564.8,"1,564.5",311.9,576.7,"1,362.0","1,090.3",271.7,358.5,274.8,"1,753.7","3,657.5","3,191.4","6,849.0","1,843.4",158.1,639.8,"1,752.8",477.0,"1,977.9","1,459.2",40.7,220.6,193.4,64.1,"6,849.0","1,865",858,366,"5,792","4,287",83,663,616,143,"4,676","8,230",959,"1,545","24,291",$0.00,$0.00,$0.00,$0.00,$0.00,$0.00,$0.00,$0.00,3.0,0.0,0.6,2.4,0.0,0.6,0.0,2.4
2002,"38,333","11,071","27,262","27,836","2,969","24,867","10,233","4,965","9,670",0,468.7,3.9,2.4,0.88,$0.00,468.7,3.9,"6,301","6,969.8","1,142.8","3,027.0","1,014.3",476.0,133.1,669.3,247.3,36.1,21.0,23.6,2.2,6.7,0.6,3.3,6.6,408.9,"2,199.5",578.0,"1,621.5",321.7,566.6,"1,355.4","1,084.0",271.4,362.9,288.1,"1,788.2","3,698.9","3,270.9","6,969.8","1,856.9",160.6,665.1,"1,772.4",490.6,"2,024.2","1,498.6",41.8,220.7,197.4,65.7,"6,969.8","1,857",868,363,"5,921","4,399",85,663,629,145,"4,749","8,367",949,"1,794","24,867",$0.00,$0.00,$0.00,$0.00,$0.00,$0.00,$0.00,$0.00,3.0,0.0,0.6,2.4,0.0,0.6,0.0,2.4
2003,"39,447","10,957","28,490","28,683","2,725","25,958","10,419","5,144","10,394",0,474.8,4.1,2.4,0.92,$0.00,474.8,4.1,"6,381","7,178.2","1,188.7","3,075.0","1,045.7",527.0,135.8,673.6,260.9,35.7,21.0,24.5,2.1,6.4,0.6,3.3,6.4,423.7,"2,305.8",580.6,"1,725.2",335.8,577.0,"1,397.5","1,120.3",277.2,369.2,297.9,"1,807.2","3,759.9","3,418.3","7,178.2","1,906.3",164.0,694.9,"1,845.2",503.7,"2,064.0","1,531.2",43.2,220.4,201.0,68.2,"7,178.2","1,914",913,370,"6,031","4,492",88,663,640,150,"4,950","8,872","1,017","1,891","25,958",$0.00,$0.00,$0.00,$0.00,$0.00,$0.00,$0.00,$0.00,3.0,0.0,0.6,2.4,0.0,0.6,0.0,2.4
2004,"41,492","11,520","29,972","30,455","3,114","27,342","10,839","5,295","11,208",0,479.5,4.2,2.4,0.97,$0.00,479.5,4.2,"6,461","7,502.3","1,241.8","3,212.4","1,065.6",621.9,138.1,676.7,271.0,35.4,20.7,25.3,2.2,6.4,0.6,3.4,6.1,435.9,"2,506.8",585.8,"1,921.0",354.7,591.2,"1,418.1","1,134.8",283.2,390.3,315.3,"1,844.8","3,821.6","3,680.8","7,502.3","1,926.6",174.9,717.4,"1,997.6",525.5,"2,160.4","1,592.7",46.0,236.7,213.8,71.1,"7,502.3","1,937",937,400,"6,315","4,671",95,712,681,157,"5,387","9,272","1,019","2,074","27,342",$0.00,$0.00,$0.00,$0.00,$0.00,$0.00,$0.00,$0.00,3.1,0.0,0.6,2.6,0.0,0.6,0.0,2.6
2005,"42,292","11,301","30,990","31,024","2,743","28,281","10,970","5,430","11,881",0,476.7,4.3,2.5,1.00,$0.00,476.7,4.3,"6,542","7,736.4","1,297.3","3,264.3","1,075.2",726.1,140.7,674.3,284.7,34.9,20.6,26.0,2.2,6.3,0.6,3.4,5.9,455.2,"2,683.3",596.3,"2,087.0",363.8,587.8,"1,427.9","1,142.6",285.3,402.6,341.1,"1,838.5","3,835.1","3,901.3","7,736.4","1,931.8",181.4,740.0,"2,128.4",536.8,"2,218.0","1,628.6",48.2,246.1,221.3,73.8,"7,736.4","1,939",942,419,"6,474","4,764",101,740,705,164,"5,808","9,654",946,"2,100","28,281",$0.00,$0.00,$0.00,$0.00,$0.00,$0.00,$0.00,$0.00,3.1,0.0,0.6,2.6,0.0,0.6,0.0,2.6
2006,"43,166","11,156","32,011","31,660","2,452","29,207","11,047","5,561","12,599",0,471.4,4.4,2.5,1.03,$0.00,471.4,4.4,"6,623","7,919.3","1,353.4","3,318.7","1,084.3",764.2,144.5,671.3,299.9,34.3,20.5,26.9,2.2,6.2,0.6,3.5,5.7,469.8,"2,802.9",597.8,"2,205.1",377.4,600.2,"1,438.9","1,149.2",289.7,414.3,361.7,"1,831.5","3,840.9","4,078.4","7,919.3","1,933.9",182.3,754.1,"2,222.1",550.0,"2,277.0","1,665.2",50.2,250.8,237.5,73.3,"7,919.3","1,925",935,415,"6,634","4,857",106,754,755,161,"6,039","10,081",976,"2,203","29,207",$0.00,$0.00,$0.00,$0.00,$0.00,$0.00,$0.00,$0.00,3.1,0.0,0.6,2.6,0.0,0.6,0.0,2.6
2007,"44,024","10,968","33,057","32,250","2,022","30,228","11,195","5,772","13,260",0,467.9,4.5,2.5,1.07,$0.00,467.9,4.5,"6,706","8,134.7","1,421.8","3,368.3","1,120.5",806.7,148.3,670.1,315.5,33.8,20.8,27.5,2.2,5.9,0.7,3.6,5.6,483.5,"2,923.5",601.0,"2,322.5",392.5,615.4,"1,426.3","1,135.2",291.1,426.9,391.0,"1,868.1","3,869.7","4,265.0","8,134.7","1,947.9",183.6,777.4,"2,311.8",562.1,"2,351.8","1,716.2",50.6,256.6,250.9,77.6,"8,134.7","1,909",947,413,"6,829","4,983",106,771,798,171,"6,289","10,563",963,"2,314","30,228",$0.00,$0.00,$0.00,$0.00,$0.00,$0.00,$0.00,$0.00,3.2,0.1,0.6,2.6,0.0,0.7,0.0,2.6
2008,"44,125","10,759","33,367","32,213","1,721","30,492","11,128","5,931","13,434",0,463.4,4.5,2.5,1.08,$0.00,463.4,4.5,"6,788","8,211.8","1,443.4","3,334.4","1,150.6",851.1,152.4,672.3,328.3,33.1,21.1,27.6,2.3,5.8,0.7,3.8,5.5,498.9,"2,982.3",581.8,"2,400.5",394.5,626.6,"1,431.9","1,141.7",290.2,440.0,410.6,"1,821.5","3,808.4","4,403.4","8,211.8","1,973.3",182.7,802.8,"2,342.0",548.7,"2,362.2","1,737.3",47.9,253.6,246.1,77.2,"8,211.8","1,934","1,001",408,"6,823","5,008",97,762,783,172,"6,466","10,605",942,"2,313","30,492",$2.61,$0.00,$0.00,$0.00,$0.00,$0.00,$0.00,$0.00,3.2,0.1,0.6,2.6,0.0,0.7,0.0,2.6
2009,"44,215","11,243","32,972","32,276","2,150","30,126","10,909","5,810","13,407",0,464.5,4.4,2.5,1.07,$0.00,464.5,4.4,"6,872","8,135.5","1,432.6","3,299.2","1,088.1",875.5,156.3,676.8,331.4,32.9,20.9,27.8,2.3,5.8,0.8,3.8,5.6,511.0,"3,085.1",566.4,"2,518.7",397.4,581.2,"1,356.9","1,079.7",277.3,435.4,428.8,"1,737.0","3,639.0","4,496.5","8,135.5","1,974.7",181.8,794.8,"2,277.2",565.5,"2,341.5","1,751.4",44.1,239.9,238.2,68.0,"8,135.5","1,897",980,401,"6,740","5,024",85,721,756,154,"6,440","10,479",921,"2,269","30,126",$2.12,$0.00,$0.00,$0.00,$0.00,$0.00,$0.00,$0.00,3.2,0.1,0.6,2.6,0.0,0.7,0.0,2.6
2010,"46,027","11,090","34,937","33,713","1,756","31,957","11,186","6,322","14,450",0,472.4,4.6,2.5,1.13,$0.00,472.4,4.6,"6,955","8,586.5","1,527.6","3,437.9","1,190.6",946.3,160.6,673.9,350.6,32.2,21.5,28.3,2.3,5.6,0.9,3.9,5.3,521.1,"3,298.8",586.1,"2,712.7",425.7,633.1,"1,409.7","1,123.1",286.6,469.6,460.2,"1,794.0","3,768.4","4,818.0","8,586.5","2,027.6",189.8,818.9,"2,494.2",620.6,"2,435.4","1,811.4",46.1,252.2,254.0,71.7,"8,586.5","1,941",995,417,"6,994","5,182",88,758,807,159,"6,992","11,068",992,"2,558","31,957",$5.32,$0.00,$0.00,$0.00,$0.00,$0.00,$0.00,$0.00,3.5,0.1,0.6,2.7,0.2,0.8,0.0,2.7
2011,"46,913","11,018","35,894","34,317","1,508","32,809","11,271","6,439","15,099",0,470.7,4.7,2.5,1.16,$0.00,470.7,4.7,"7,039","8,734.3","1,578.3","3,458.5","1,199.5",992.8,165.5,675.8,353.5,31.9,21.5,29.1,2.3,5.2,1.0,3.9,5.2,536.1,"3,435.8",582.8,"2,853.0",441.1,650.5,"1,357.0","1,080.1",277.0,488.2,481.3,"1,785.2","3,704.1","5,030.2","8,734.3","2,009.4",197.1,816.2,"2,582.1",641.2,"2,488.3","1,847.0",50.5,258.9,260.0,71.9,"8,734.3","1,879",970,424,"7,137","5,278",97,778,825,158,"7,165","11,617","1,017","2,601","32,809",$6.96,$0.00,$0.00,$0.00,$0.00,$0.00,$0.00,$0.00,3.5,0.1,0.6,2.7,0.2,0.8,0.0,2.7
2012,"47,679","11,112","36,567","34,891","1,512","33,379","11,393","6,592","15,395",0,466.0,4.7,2.5,1.18,$0.00,466.0,4.7,"7,124","8,822.1","1,616.7","3,489.0","1,187.3","1,007.1",169.8,667.2,364.6,31.8,21.6,29.1,2.4,4.8,1.1,4.1,5.1,551.1,"3,526.6",588.8,"2,937.8",450.0,648.9,"1,356.8","1,074.4",282.4,497.4,497.0,"1,744.3","3,669.7","5,152.5","8,822.1","1,999.7",199.5,832.8,"2,624.8",657.8,"2,507.5","1,876.4",49.5,264.1,249.5,68.0,"8,822.1","1,838",985,427,"7,171","5,344",93,794,791,149,"7,256","11,820","1,045","2,836","33,379",$8.11,$0.00,$0.00,$0.00,$0.00,$1.15,$0.00,$0.00,3.5,0.1,0.6,2.7,0.2,0.8,0.0,2.7
2013,"48,465","11,432","37,033","35,443","1,645","33,798","11,498","6,709","15,591",0,459.6,4.7,2.5,1.20,$0.00,459.6,4.7,"7,208","8,968.2","1,667.1","3,547.2","1,242.8",982.2,174.2,660.7,379.3,31.5,21.7,29.1,2.4,4.8,1.2,4.3,5.0,569.4,"3,577.1",589.8,"2,987.3",451.2,640.0,"1,350.9","1,067.0",283.9,509.8,514.6,"1,806.3","3,730.6","5,237.6","8,968.2","2,039.0",200.5,864.9,"2,626.2",662.6,"2,575.0","1,928.6",50.3,274.9,250.0,71.1,"8,968.2","1,896","1,029",435,"7,348","5,479",94,826,792,157,"7,186","12,108","1,017","2,779","33,798",$7.91,$0.00,$0.00,$0.00,$0.00,$1.02,$0.00,$0.00,3.7,0.1,0.6,2.7,0.3,1.0,0.0,2.8
2014,"49,192","11,939","37,254","35,917","1,975","33,942","11,564","6,716","15,663",0,448.3,4.7,2.5,1.20,$0.00,448.3,4.7,"7,293","9,056.3","1,700.9","3,599.9","1,242.1",986.2,177.4,656.3,380.1,31.6,21.5,29.0,2.5,4.9,1.4,4.3,4.9,579.6,"3,655.8",586.9,"3,068.9",460.1,642.3,"1,304.2","1,027.8",276.5,513.2,529.2,"1,832.0","3,705.9","5,350.4","9,056.3","2,030.0",203.0,867.4,"2,643.9",693.3,"2,618.8","1,965.6",49.8,281.1,252.4,69.9,"9,056.3","1,877","1,001",436,"7,462","5,572",91,845,798,157,"7,184","12,069",991,"2,921","33,942",$7.29,$0.00,$9.65,$0.00,$0.00,$1.85,$0.00,$0.00,5.7,0.9,1.7,2.7,0.5,3.0,0.0,2.8
2015,"49,726","12,385","37,341","36,344","2,308","34,036","11,833","6,790","15,413",0,436.1,4.6,2.5,1.20,$0.00,436.1,4.6,"7,378","9,164.9","1,729.1","3,694.2","1,234.6",976.4,182.3,643.4,391.0,32.0,21.6,28.4,2.4,4.9,1.5,4.4,4.8,592.1,"3,738.8",589.1,"3,149.7",477.3,622.1,"1,334.4","1,045.9",288.6,510.4,544.2,"1,822.9","3,729.6","5,435.3","9,164.9","2,030.7",207.9,883.8,"2,645.0",704.4,"2,693.0","2,019.9",50.1,297.9,259.1,65.9,"9,164.9","1,889","1,005",441,"7,672","5,720",90,896,820,146,"7,170","11,960",966,"2,932","34,036",$6.38,$0.00,$15.59,$0.00,$0.00,$1.59,$0.00,$0.00,6.5,0.9,1.7,3.5,0.5,3.0,0.0,3.6
2016,"49,078","11,879","37,199","35,563","1,628","33,935","11,953","6,990","14,992",0,423.6,4.5,2.5,1.20,$0.00,423.6,4.5,"7,462","9,314.5","1,782.1","3,790.1","1,258.2",928.2,189.4,639.9,398.4,32.3,22.1,27.3,2.5,4.9,1.6,4.5,4.7,604.9,"3,813.6",596.8,"3,216.9",492.8,646.0,"1,361.5","1,065.0",296.5,505.0,556.4,"1,827.1","3,768.1","5,546.4","9,314.5","2,057.3",209.9,906.9,"2,633.4",730.7,"2,776.3","2,076.8",50.4,310.8,269.5,68.9,"9,314.5","1,931","1,011",437,"7,902","5,873",89,934,853,153,"6,964","11,963",995,"2,732","33,935",$6.18,$0.00,$24.56,$0.00,$0.00,$2.82,$0.00,$0.00,7.8,0.9,2.6,3.8,0.5,4.3,0.0,3.6
2017,"49,818","12,080","37,738","36,106","1,688","34,418","12,127","7,163","15,127",0,415.9,4.6,2.4,1.22,$0.00,415.9,4.6,"7,546","9,496.7","1,831.6","3,878.2","1,311.9",897.0,196.4,642.6,402.8,32.3,22.3,27.0,2.5,4.9,1.8,4.6,4.6,621.8,"3,907.8",606.0,"3,301.8",515.9,664.3,"1,388.5","1,084.2",304.3,504.0,563.6,"1,846.8","3,822.4","5,674.3","9,496.7","2,093.4",218.2,924.3,"2,644.9",770.1,"2,845.9","2,115.4",52.5,329.4,279.0,69.6,"9,496.7","1,987","1,003",452,"8,093","5,975",91,990,883,155,"6,922","12,178",990,"2,794","34,418",$6.43,$0.00,$36.02,$0.00,$0.00,$2.62,$0.00,$0.00,8.6,1.0,3.3,3.9,0.5,5.0,0.0,3.7
2018,"50,652","12,159","38,493","36,809","1,699","35,110","12,229","7,498","15,383",-1,411.4,4.6,2.4,1.24,$0.00,411.4,4.6,"7,629","9,726.5","1,903.0","3,940.1","1,398.4",888.7,202.9,633.5,410.7,31.9,22.8,26.8,2.5,4.9,2.0,4.6,4.5,637.3,"4,001.7",601.2,"3,400.5",510.3,697.1,"1,389.3","1,084.1",305.2,499.7,565.4,"1,936.0","3,908.3","5,818.2","9,726.5","2,146.5",224.3,947.0,"2,699.7",792.7,"2,916.4","2,160.6",56.8,345.6,277.1,76.2,"9,726.5","2,060","1,011",456,"8,272","6,087",101,"1,039",876,169,"6,955","12,507","1,029","2,820","35,110",$7.27,$0.00,$55.29,$0.00,$0.00,$2.74,$0.00,$0.00,9.4,1.0,3.3,3.9,1.3,5.8,0.0,3.7
2019,"50,740","12,207","38,532","36,823","1,703","35,120","12,218","7,615","15,289",-1,401.8,4.6,2.4,1.24,$0.00,401.8,4.6,"7,711","9,816.3","1,921.7","3,961.9","1,428.6",897.5,207.0,640.9,412.8,31.7,22.9,26.4,2.5,5.0,2.2,4.8,4.5,651.2,"4,081.7",593.8,"3,488.0",520.3,707.0,"1,387.2","1,081.3",305.9,495.1,566.6,"1,927.6","3,890.5","5,925.8","9,816.3","2,171.1",222.0,954.1,"2,717.8",806.2,"2,945.1","2,185.2",57.7,353.9,266.5,81.4,"9,816.3","2,089","1,012",444,"8,332","6,143",102,"1,064",841,182,"7,029","12,220","1,042","2,954","35,120",$9.13,$0.00,$50.11,$0.00,$0.00,$2.60,$0.00,$0.00,9.5,1.0,3.3,3.9,1.3,5.8,0.0,3.7
2020,"48,066","12,143","35,923","34,337","1,659","32,678","10,720","7,417","14,543",-1,388.3,4.2,2.4,1.16,$0.00,388.3,4.2,"7,791","9,219.9","1,900.7","3,516.4","1,383.6",844.6,202.9,642.3,389.6,29.8,23.6,26.6,2.7,5.1,2.6,4.9,4.7,619.6,"3,938.2",553.0,"3,385.2",480.2,674.5,"1,257.5",981.5,276.0,445.3,523.9,"1,760.9","3,552.2","5,667.7","9,219.9","2,167.5",220.4,907.5,"2,600.8",806.6,"2,517.0","1,924.8",56.3,198.4,255.1,82.1,"9,219.9","2,048",941,433,"7,068","5,382",100,597,805,184,"6,657","11,671","1,007","2,853","32,678",$9.49,$0.00,$6.98,$0.00,$0.00,$2.76,$0.00,$0.00,9.5,1.0,3.3,3.9,1.3,5.8,0.0,3.7
2021,"48,683","12,220","36,463","34,893","1,644","33,249","11,205","7,491","14,554",-1,376.4,4.2,2.4,1.18,$0.00,376.4,4.2,"7,870","9,602.5","1,964.4","3,712.1","1,444.0",847.8,212.8,715.9,345.2,30.3,23.3,26.0,2.7,5.1,3.0,4.6,5.1,645.2,"4,096.6",569.5,"3,527.1",492.9,694.7,"1,319.8","1,026.7",293.1,464.7,565.4,"1,816.0","3,686.2","5,916.3","9,602.5","2,239.3",220.5,926.2,"2,660.6",811.5,"2,744.4","2,094.6",56.9,241.3,261.6,89.9,"9,602.5","2,110",949,431,"7,680","5,837",98,725,818,203,"6,933","11,196","1,053","2,898","33,249",$29.45,$0.00,$21.87,$29.22,$0.00,$3.06,$10.00,$0.00,10.9,2.0,3.6,4.1,1.3,7.1,0.0,3.9
2022,"49,077","12,267","36,811","35,259","1,624","33,635","11,399","7,611","14,627",-1,366.1,4.2,2.3,1.19,$0.00,366.1,4.2,"7,949","9,808.3","2,010.9","3,806.1","1,470.9",838.9,219.4,731.5,364.7,30.3,23.2,25.6,2.7,5.1,3.3,4.7,5.1,667.0,"4,192.8",573.6,"3,619.2",507.3,701.6,"1,331.8","1,035.0",296.8,474.7,579.2,"1,861.2","3,747.5","6,060.8","9,808.3","2,279.8",220.4,940.9,"2,690.7",840.5,"2,836.1","2,132.0",57.4,288.4,267.4,91.0,"9,808.3","2,121",955,428,"7,892","5,890",96,866,835,205,"6,968","11,286","1,055","2,930","33,635",$39.75,$0.00,$31.11,$35.40,$0.00,$12.78,$22.22,$0.00,11.7,2.0,3.6,4.8,1.3,7.5,0.0,4.2
2023,"48,808","12,303","36,505","35,007","1,603","33,405","11,418","7,745","14,243",-1,353.7,4.2,2.3,1.18,$0.00,353.7,4.2,"8,026","9,919.0","2,050.0","3,824.0","1,496.8",828.2,226.8,743.7,378.7,30.1,23.4,24.7,2.8,5.3,3.6,4.9,5.1,682.1,"4,262.0",572.7,"3,689.3",518.6,712.1,"1,326.2","1,029.2",297.1,480.6,587.4,"1,868.5","3,748.9","6,170.1","9,919.0","2,310.6",220.2,950.2,"2,712.2",854.4,"2,871.4","2,136.1",57.8,310.3,269.9,97.2,"9,919.0","2,120",953,426,"7,937","5,852",95,931,840,220,"6,982","10,988","1,054","2,944","33,405",$50.50,$0.00,$42.22,$41.55,$20.00,$22.90,$34.44,$0.00,11.7,2.0,3.6,4.8,1.3,7.5,0.0,4.2
2024,"48,220","12,334","35,886","34,454","1,575","32,879","11,313","7,854","13,714",-1,338.4,4.1,2.3,1.16,$0.00,338.4,4.1,"8,103","9,997.3","2,096.4","3,806.1","1,513.7",817.7,235.0,758.6,393.2,29.9,23.7,23.8,2.8,5.4,4.1,5.1,5.2,699.2,"4,315.0",572.4,"3,742.6",527.7,713.6,"1,318.9","1,021.6",297.3,487.2,592.3,"1,871.0","3,744.1","6,253.2","9,997.3","2,348.7",220.1,961.9,"2,732.8",870.3,"2,863.5","2,122.1",58.3,319.1,270.9,93.2,"9,997.3","2,126",955,423,"7,851","5,751",94,956,840,210,"6,984","10,542","1,055","2,944","32,879",$61.74,$0.00,$53.33,$53.64,$28.89,$33.46,$46.67,$0.00,12.1,2.0,3.6,5.2,1.3,7.9,0.0,4.2
2025,"47,858","12,364","35,495","34,121","1,545","32,576","11,205","8,018","13,354",-2,325.9,4.0,2.2,1.15,$0.00,325.9,4.0,"8,179","10,074.2","2,157.7","3,793.8","1,526.9",787.8,248.0,771.7,406.1,29.6,24.0,23.0,2.8,5.4,4.5,5.3,5.3,715.4,"4,373.4",571.1,"3,802.2",539.2,717.5,"1,309.2","1,012.8",296.4,494.6,596.6,"1,867.5","3,730.1","6,344.1","10,074.2","2,378.9",219.7,970.2,"2,749.5",895.4,"2,860.5","2,112.8",58.7,323.8,270.8,94.3,"10,074.2","2,116",949,419,"7,778","5,676",93,960,835,213,"6,925","10,422","1,053","2,914","32,576",$73.43,$0.00,$64.44,$65.77,$37.78,$44.18,$58.89,$0.00,15.2,1.9,6.4,5.2,1.7,9.8,0.0,5.4
2026,"47,513","12,379","35,134","33,776","1,504","32,272","11,032","8,083","13,160",-2,314.0,3.9,2.2,1.14,$0.00,314.0,3.9,"8,254","10,138.7","2,216.3","3,762.0","1,537.7",768.7,264.3,784.9,417.8,29.1,24.1,22.5,2.9,5.4,5.1,5.5,5.3,732.1,"4,417.2",568.3,"3,848.9",548.3,724.9,"1,299.5","1,004.5",295.0,502.3,601.6,"1,861.1","3,711.7","6,427.0","10,138.7","2,411.0",219.0,980.2,"2,755.9",916.5,"2,856.0","2,100.2",60.3,325.9,270.3,99.3,"10,138.7","2,103",942,415,"7,680","5,581",95,959,820,224,"6,836","10,363","1,048","2,886","32,272",$85.64,$0.00,$75.56,$75.04,$46.67,$46.39,$71.11,$0.00,19.2,1.9,10.4,5.2,1.7,11.4,0.0,7.8
2027,"46,987","12,385","34,601","33,270","1,465","31,806","10,672","8,198","12,939",-3,301.8,3.8,2.1,1.12,$0.00,301.8,3.8,"8,328","10,154.9","2,293.6","3,663.7","1,543.4",741.8,298.8,797.8,425.6,28.3,24.3,22.0,2.9,5.5,5.9,5.7,5.4,747.2,"4,444.1",562.3,"3,881.8",555.9,727.3,"1,283.0",990.9,292.1,508.6,605.6,"1,839.2","3,668.1","6,486.8","10,154.9","2,436.4",218.5,989.2,"2,754.6",930.4,"2,825.8","2,068.0",62.8,326.6,268.2,100.3,"10,154.9","2,082",934,411,"7,398","5,367",88,935,783,227,"6,794","10,315","1,019","2,852","31,806",$98.40,$0.00,$86.67,$86.28,$55.56,$48.74,$83.34,$0.00,21.3,1.7,11.5,5.2,2.9,12.5,0.0,8.8
2028,"46,278","12,333","33,945","32,632","1,404","31,228","10,256","8,269","12,705",-3,289.4,3.7,2.1,1.10,$0.00,289.4,3.7,"8,401","10,160.9","2,373.1","3,556.5","1,540.6",711.8,340.3,811.6,433.2,27.3,24.4,21.5,3.0,5.7,6.8,5.8,5.5,762.1,"4,468.2",555.4,"3,912.8",561.9,728.8,"1,264.0",975.4,288.7,514.8,609.9,"1,812.9","3,616.9","6,543.9","10,160.9","2,461.5",217.8,997.9,"2,743.8",944.2,"2,795.7","2,036.8",65.4,326.7,265.7,101.2,"10,160.9","2,058",925,405,"7,080","5,136",79,907,730,229,"6,669","10,313",975,"2,801","31,228",$111.73,$0.00,$97.79,$97.54,$64.45,$51.23,$95.57,$0.00,21.5,1.9,11.5,5.2,2.9,12.5,0.0,9.0
2029,"45,237","12,205","33,032","31,733","1,314","30,418","9,867","8,264","12,290",-3,275.0,3.6,2.0,1.08,$0.00,275.0,3.6,"8,473","10,149.4","2,448.7","3,445.2","1,529.4",680.9,385.2,824.7,439.8,26.4,24.4,20.8,3.0,5.9,7.9,6.0,5.5,778.2,"4,480.1",547.2,"3,932.9",568.9,726.9,"1,243.0",958.1,284.9,521.0,615.1,"1,785.2","3,561.1","6,588.3","10,149.4","2,479.1",217.2,"1,003.8","2,726.6",955.6,"2,767.3","2,008.9",68.2,326.7,262.8,100.7,"10,149.4","2,022",910,399,"6,760","4,917",73,876,667,227,"6,558","10,111",920,"2,739","30,418",$125.61,$0.00,$108.93,$108.80,$73.36,$53.90,$107.82,$0.00,22.3,1.9,11.5,6.0,2.9,12.5,0.0,9.8
2030,"43,882","11,977","31,905","30,628","1,181","29,446","9,469","8,182","11,798",-3,259.9,3.4,2.0,1.04,$50.03,259.9,3.4,"8,544","10,121.4","2,526.3","3,323.8","1,510.6",644.5,432.9,838.6,447.0,25.6,24.2,20.0,3.1,6.0,9.2,6.2,5.6,795.9,"4,483.1",538.6,"3,944.5",575.2,724.6,"1,220.2",939.5,280.7,526.9,621.7,"1,748.9","3,494.3","6,627.1","10,121.4","2,496.3",216.2,"1,009.5","2,702.8",963.8,"2,732.7","1,975.8",70.9,326.0,260.1,99.8,"10,121.4","1,983",894,392,"6,418","4,689",66,838,601,225,"6,408","9,821",863,"2,668","29,446",$140.16,$30.02,$120.08,$120.08,$80.05,$60.04,$120.08,$50.03,22.5,1.9,11.7,6.0,2.9,12.7,0.0,9.8
2031,"42,154","11,646","30,508","29,306","1,011","28,295","9,077","8,013","11,208",-3,244.0,3.3,1.9,1.00,$60.06,244.0,3.3,"8,614","10,079.6","2,596.5","3,203.2","1,493.4",609.8,478.2,851.7,447.4,24.9,23.8,19.1,3.2,6.3,10.7,6.4,5.8,814.9,"4,469.5",525.5,"3,944.0",580.2,724.7,"1,195.6",919.1,276.5,532.2,631.7,"1,711.1","3,419.5","6,660.1","10,079.6","2,511.0",215.2,"1,013.9","2,672.2",970.7,"2,696.6","1,941.8",74.9,324.6,256.7,98.5,"10,079.6","1,944",877,385,"6,082","4,468",56,805,532,222,"6,259","9,390",781,"2,577","28,295",$144.54,$39.04,$126.13,$126.13,$87.09,$69.07,$126.13,$60.06,23.1,1.9,12.3,6.0,2.9,13.3,0.0,9.8
2032,"40,106","11,210","28,896","27,831",795,"27,036","8,693","7,791","10,556",-3,227.8,3.1,1.8,0.96,$70.09,227.8,3.1,"8,682","10,023.3","2,670.0","3,082.1","1,470.0",573.2,514.7,865.1,446.8,24.1,23.3,18.1,3.3,6.5,12.2,6.6,5.9,835.2,"4,449.2",512.2,"3,937.0",585.1,724.8,"1,172.2",897.9,274.3,536.8,633.7,"1,671.5","3,343.8","6,679.5","10,023.3","2,526.1",214.3,"1,018.6","2,635.2",970.1,"2,659.0","1,904.6",81.7,323.7,251.6,97.4,"10,023.3","1,904",860,378,"5,754","4,249",47,774,465,219,"6,092","8,877",696,"2,477","27,036",$149.45,$48.06,$132.17,$132.17,$94.12,$78.10,$132.17,$70.09,24.3,1.7,13.7,6.0,2.9,14.7,0.0,9.6
2033,"37,536","10,670","26,866","26,064",532,"25,532","8,308","7,470","9,757",-3,210.2,2.9,1.8,0.90,$80.13,210.2,2.9,"8,750","9,941.7","2,736.2","2,959.3","1,436.7",537.8,547.3,877.0,445.5,23.5,22.6,16.9,3.4,6.8,14.0,6.8,6.0,853.5,"4,416.6",497.5,"3,919.2",589.2,722.2,"1,145.0",874.8,270.3,540.3,635.0,"1,629.1","3,260.0","6,681.7","9,941.7","2,533.0",213.7,"1,020.0","2,593.5",963.7,"2,617.8","1,865.4",88.4,322.5,246.0,95.5,"9,941.7","1,852",836,372,"5,437","4,031",42,744,405,215,"5,911","8,150",604,"2,370","25,532",$155.86,$57.09,$138.23,$138.23,$101.17,$87.14,$138.23,$80.13,27.4,1.9,16.6,6.0,2.9,17.6,0.0,9.8
2034,"34,735","9,872","24,864","24,097",60,"24,037","7,938","7,110","8,992",-3,193.2,2.7,1.7,0.85,$90.18,193.2,2.7,"8,817","9,852.1","2,801.0","2,835.6","1,403.0",504.5,572.0,889.1,444.0,22.8,21.8,15.7,3.4,7.0,16.0,7.0,6.2,872.0,"4,379.9",482.8,"3,897.1",592.0,718.5,"1,117.0",851.4,265.6,542.9,635.5,"1,586.3","3,174.8","6,677.3","9,852.1","2,540.9",213.1,"1,022.2","2,549.0",951.9,"2,575.0","1,824.2",95.2,321.4,240.1,94.1,"9,852.1","1,800",812,366,"5,136","3,818",38,714,354,212,"5,727","7,423",512,"2,261","24,037",$162.26,$66.13,$144.29,$144.29,$108.22,$96.19,$144.29,$90.18,32.8,1.9,22.0,6.0,2.9,23.0,0.0,9.8
2035,"31,966","8,907","23,058","21,938",-540,"22,478","7,439","6,713","8,370",-43,176.5,2.5,1.6,0.79,$100.24,176.5,2.5,"8,883","9,734.5","2,887.0","2,670.9","1,366.3",472.0,593.9,900.7,439.5,21.8,20.9,14.8,3.6,7.2,18.1,7.2,6.3,889.2,"4,329.9",465.9,"3,864.0",590.8,714.6,"1,086.5",826.1,260.4,543.8,634.6,"1,535.8","3,077.3","6,657.2","9,734.5","2,546.7",212.6,"1,024.0","2,502.0",937.4,"2,511.7","1,761.5",102.1,322.0,233.5,92.7,"9,734.5","1,743",786,359,"4,732","3,488",36,690,311,208,"5,536","6,746",426,"2,150","22,478",$168.68,$75.18,$150.36,$150.36,$115.27,$105.25,$150.36,$100.24,82.1,1.9,30.9,5.9,43.4,31.9,0.0,50.2
2036,"29,007","7,798","21,210","19,432","-1,256","20,688","6,967","6,265","7,538",-82,158.8,2.3,1.5,0.73,$110.31,158.8,2.3,"8,947","9,616.5","2,971.0","2,507.8","1,329.5",441.8,611.1,912.8,436.3,20.9,19.9,13.6,3.6,7.4,20.5,7.5,6.5,907.3,"4,284.5",449.3,"3,835.3",589.5,709.2,"1,056.8",801.3,255.4,543.7,633.0,"1,482.0","2,977.3","6,639.2","9,616.5","2,552.5",212.2,"1,025.9","2,452.9",921.4,"2,451.5","1,702.0",109.2,322.2,226.7,91.3,"9,616.5","1,684",759,353,"4,336","3,157",34,665,276,205,"5,320","5,851",349,"2,037","20,688",$175.12,$84.24,$156.44,$156.44,$122.34,$114.32,$156.44,$110.31,134.0,1.9,44.0,5.9,82.1,45.0,0.0,89.0
2037,"26,019","6,588","19,432","16,861","-2,059","18,920","6,517","5,803","6,720",-120,141.9,2.1,1.4,0.67,$120.40,141.9,2.1,"9,010","9,490.4","3,054.4","2,347.5","1,288.5",413.7,625.5,921.7,432.4,20.1,18.9,12.3,3.7,7.7,23.0,7.6,6.7,924.5,"4,234.9",433.0,"3,802.0",587.1,701.7,"1,027.5",777.1,250.4,543.5,629.5,"1,428.8","2,878.8","6,611.7","9,490.4","2,551.8",211.7,"1,026.3","2,401.7",903.0,"2,395.9","1,644.9",119.8,322.1,220.1,89.1,"9,490.4","1,621",728,347,"3,960","2,840",32,641,248,200,"5,067","4,988",274,"1,933","18,920",$181.57,$93.31,$162.54,$162.54,$129.43,$123.41,$162.54,$120.40,189.9,1.9,61.9,6.0,120.1,62.9,0.0,127.0
2038,"22,981","5,344","17,637","14,242","-2,889","17,131","6,109","5,297","5,879",-153,125.6,1.9,1.3,0.61,$130.51,125.6,1.9,"9,073","9,367.0","3,132.9","2,197.3","1,246.6",387.2,636.2,929.7,429.1,19.3,17.7,11.0,3.8,7.9,25.7,7.8,6.9,939.6,"4,185.3",417.6,"3,767.6",582.9,694.2,"1,000.4",754.3,246.0,543.4,624.3,"1,379.9","2,787.7","6,579.3","9,367.0","2,551.2",211.1,"1,028.1","2,349.1",880.6,"2,346.9","1,595.2",130.1,321.2,213.1,87.2,"9,367.0","1,558",699,339,"3,628","2,561",30,614,227,195,"4,754","4,110",210,"1,834","17,131",$188.05,$102.40,$168.66,$168.66,$136.53,$132.52,$168.66,$130.51,243.9,1.9,82.7,6.0,153.3,83.7,0.0,160.2
2039,"20,220","4,113","16,108","11,900","-3,708","15,608","5,754","4,863","5,182",-191,111.8,1.7,1.2,0.55,$140.63,111.8,1.7,"9,134","9,246.5","3,199.2","2,065.4","1,206.8",362.4,643.3,935.1,424.8,18.5,16.6,9.8,3.9,8.0,28.0,8.0,7.0,952.3,"4,137.4",403.6,"3,733.8",578.8,686.2,975.2,733.1,242.1,542.3,618.6,"1,334.6","2,703.6","6,543.0","9,246.5","2,547.2",210.4,"1,029.7","2,296.0",858.5,"2,304.7","1,551.4",140.5,320.1,206.6,86.0,"9,246.5","1,496",669,331,"3,349","2,326",29,588,214,192,"4,385","3,474",159,"1,745","15,608",$194.53,$111.50,$174.79,$174.79,$143.65,$141.64,$174.79,$140.63,304.3,1.9,105.1,6.0,191.3,106.1,0.0,198.2
2040,"18,129","2,924","15,204","10,220","-4,486","14,706","5,457","4,565","4,915",-232,103.0,1.6,1.1,0.52,$150.78,103.0,1.6,"9,194","9,131.7","3,258.7","1,950.6","1,167.9",339.2,648.7,939.2,415.7,17.7,15.8,9.3,4.0,8.2,29.6,8.2,7.1,962.6,"4,091.6",390.6,"3,700.9",574.3,678.0,951.7,713.7,238.0,541.2,611.1,"1,295.6","2,628.7","6,503.0","9,131.7","2,543.4",209.7,"1,032.3","2,241.2",835.1,"2,269.9","1,515.2",150.8,318.9,200.0,84.9,"9,131.7","1,438",642,322,"3,124","2,141",27,564,202,190,"3,980","3,424",115,"1,661","14,706",$201.04,$120.63,$180.94,$180.94,$150.78,$150.78,$180.94,$150.78,365.4,1.9,125.9,6.0,231.6,126.9,0.0,238.5
2041,"15,866","1,794","14,072","8,371","-5,208","13,578","5,169","4,235","4,478",-304,93.0,1.5,1.0,0.48,$165.98,93.0,1.5,"9,252.7","9,011.6","3,320.1","1,839.7","1,126.2",317.2,655.8,940.3,399.4,16.8,14.8,8.5,4.1,9.5,30.8,8.4,7.1,969.5,"4,044.7",378.0,"3,666.7",569.5,667.7,928.2,694.4,233.8,541.1,603.0,"1,257.4","2,555.3","6,456.3","9,011.6","2,532.1",209.1,"1,033.9","2,186.4",812.8,"2,237.3","1,480.7",161.3,317.4,193.9,84.0,"9,011.6","1,371",612,314,"2,914","1,976",26,533,192,187,"3,581","3,140",70,"1,576","13,578",$211.25,$138.82,$193.14,$193.14,$165.98,$165.98,$193.14,$165.98,453.9,1.9,141.8,6.0,304.2,142.9,0.0,311.1
2042,"13,783",726,"13,057","6,709","-5,860","12,569","4,930","3,924","4,067",-352,84.1,1.3,0.9,0.44,$181.21,84.1,1.3,"9,310.5","8,908.3","3,374.8","1,743.7","1,088.5",296.3,662.1,940.4,387.6,16.1,13.9,7.7,4.1,10.7,32.0,8.5,7.1,974.9,"4,004.9",366.9,"3,638.0",564.9,658.4,907.0,676.9,230.1,541.9,593.9,"1,227.2","2,493.6","6,414.7","8,908.3","2,522.1",208.4,"1,037.3","2,132.7",791.5,"2,216.3","1,457.5",171.9,315.7,188.2,82.9,"8,908.3","1,310",583,306,"2,747","1,852",25,502,182,185,"3,246","2,843",43,"1,491","12,569",$221.48,$157.05,$205.37,$205.37,$181.21,$181.21,$205.37,$181.21,512.4,1.9,152.3,6.0,352.3,153.3,0.0,359.2
2043,"11,818",-286,"12,105","5,181","-6,439","11,620","4,716","3,652","3,653",-401,75.9,1.2,0.9,0.41,$196.48,75.9,1.2,"9,367.2","8,814.9","3,426.4","1,655.8","1,052.8",276.5,668.3,938.6,379.3,15.4,13.0,7.0,4.2,11.8,32.9,8.6,7.1,978.2,"3,969.9",356.4,"3,613.5",560.5,649.8,887.4,660.7,226.7,542.8,585.6,"1,201.2","2,438.3","6,376.5","8,814.9","2,511.1",207.9,"1,041.5","2,080.5",770.5,"2,203.4","1,441.7",182.8,314.1,182.6,82.2,"8,814.9","1,251",555,298,"2,601","1,749",24,471,174,183,"2,989","2,491",27,"1,408","11,620",$231.74,$175.32,$217.64,$217.64,$196.48,$196.48,$217.64,$196.48,567.1,1.9,157.7,6.0,401.4,158.7,0.0,408.3
2044,"9,850","-1,255","11,105","3,684","-6,942","10,626","4,519","3,425","3,150",-468,67.9,1.1,0.8,0.38,$211.78,67.9,1.1,"9,422.6","8,726.0","3,476.3","1,572.5","1,017.7",257.7,674.2,935.8,371.1,14.7,12.3,6.0,4.3,12.9,33.8,8.9,7.1,980.2,"3,938.9",346.6,"3,592.3",556.0,641.0,868.4,644.9,223.5,544.3,576.9,"1,176.4","2,385.5","6,340.5","8,726.0","2,499.8",207.3,"1,046.9","2,029.1",748.7,"2,194.2","1,429.6",193.9,312.3,177.3,81.2,"8,726.0","1,191",529,289,"2,469","1,657",23,442,165,181,"2,800","2,000",17,"1,332","10,626",$242.04,$193.63,$229.94,$229.94,$211.78,$211.78,$229.94,$211.78,635.8,1.9,160.4,6.0,467.5,161.4,0.0,474.4
2045,"7,913","-2,192","10,105","2,257","-7,372","9,629","4,305","3,199","2,691",-566,60.1,1.0,0.7,0.34,$227.12,60.1,1.0,"9,476.9","8,632.9","3,525.0","1,490.2",979.4,240.1,681.3,929.9,364.2,14.1,11.7,5.2,4.3,13.9,34.5,9.2,7.0,979.5,"3,909.6",337.1,"3,572.6",551.8,629.8,850.7,630.3,220.4,545.4,564.6,"1,153.2","2,335.9","6,297.0","8,632.9","2,482.1",206.8,"1,051.4","1,978.4",727.9,"2,186.2","1,420.1",205.0,310.5,171.8,78.9,"8,632.9","1,127",501,281,"2,332","1,566",22,412,157,175,"2,584","1,534",9,"1,261","9,629",$252.36,$211.98,$242.26,$242.26,$227.12,$227.12,$242.26,$227.12,802.9,18.0,184.9,34.3,565.7,233.7,0.4,568.8
2046,"6,011","-3,107","9,119",912,"-7,734","8,646","4,128","2,986","2,162",-630,52.8,0.9,0.7,0.31,$242.50,52.8,0.9,"9,530.1","8,550.2","3,575.4","1,415.6",943.0,223.5,687.6,922.7,356.1,13.6,11.0,4.2,4.4,15.0,35.4,9.4,7.0,976.4,"3,885.1",327.7,"3,557.4",548.1,620.7,834.7,617.1,217.6,546.9,555.1,"1,131.4","2,289.4","6,260.8","8,550.2","2,465.0",206.3,"1,057.3","1,930.3",707.3,"2,184.1","1,416.0",216.2,308.7,166.0,77.2,"8,550.2","1,065",475,273,"2,217","1,493",22,383,148,171,"2,420","1,003",5,"1,188","8,646",$262.71,$230.37,$254.62,$254.62,$242.50,$242.50,$254.62,$242.50,904.9,28.3,196.5,50.3,629.7,274.1,0.3,630.4
2047,"4,096","-4,005","8,101",-408,"-8,038","7,630","3,966","2,754","1,634",-724,45.5,0.8,0.6,0.27,$257.92,45.5,0.8,"9,582.0","8,474.0","3,624.2","1,345.0",907.6,207.9,695.0,915.5,349.1,13.0,10.3,3.3,4.5,16.1,36.2,9.6,7.0,973.5,"3,864.2",318.4,"3,545.8",544.5,613.1,819.8,604.7,215.1,548.2,545.3,"1,110.0","2,244.5","6,229.6","8,474.0","2,448.4",205.7,"1,064.0","1,884.3",686.4,"2,185.2","1,414.9",227.7,307.0,160.1,75.6,"8,474.0","1,005",451,264,"2,106","1,424",21,356,138,167,"2,257",426,2,"1,118","7,630",$273.09,$248.81,$267.02,$267.02,$257.92,$257.92,$267.02,$257.92,"1,050.4",43.1,211.6,71.7,723.9,329.0,0.2,721.2
2048,"2,575","-4,878","7,453","-1,314","-8,299","6,985","3,791","2,559","1,422",-788,40.7,0.7,0.5,0.25,$273.37,40.7,0.7,"9,632.7","8,408.1","3,676.6","1,278.4",873.0,193.1,702.6,908.1,341.8,12.5,9.8,2.9,4.6,16.4,37.0,9.8,6.9,971.8,"3,849.0",310.5,"3,538.5",541.4,606.0,806.2,593.3,213.0,549.6,536.8,"1,088.6","2,202.2","6,205.9","8,408.1","2,435.7",205.4,"1,072.9","1,839.6",665.7,"2,188.7","1,415.2",239.3,305.3,154.7,74.2,"8,408.1",950,429,256,"2,000","1,357",20,330,130,164,"2,089",208,0,"1,052","6,985",$283.50,$267.30,$279.45,$279.45,$273.37,$273.37,$279.45,$273.37,"1,181.6",63.2,231.0,99.7,787.7,401.1,0.1,780.3
2049,"1,194","-5,697","6,891","-2,107","-8,531","6,424","3,621","2,404","1,224",-825,36.6,0.7,0.5,0.23,$288.88,36.6,0.7,"9,682.3","8,344.9","3,730.7","1,214.4",839.7,179.2,709.8,898.5,334.8,12.0,9.3,2.6,4.6,17.1,37.5,9.9,6.8,969.6,"3,836.8",303.0,"3,533.8",538.9,597.9,791.9,581.2,210.8,552.4,527.7,"1,068.5","2,161.0","6,184.0","8,344.9","2,420.0",205.2,"1,081.7","1,797.2",646.2,"2,194.6","1,417.2",251.2,303.7,149.6,72.9,"8,344.9",897,405,248,"1,900","1,294",19,304,122,161,"1,909",71,0,994,"6,424",$293.94,$285.84,$291.92,$291.92,$288.88,$288.88,$291.92,$288.88,"1,303.9",89.3,255.5,134.1,824.9,492.2,0.1,811.7
2050,-115,"-6,433","6,318","-2,901","-8,752","5,852","3,440","2,248","1,016",-853,32.6,0.6,0.4,0.21,$304.43,32.6,0.6,"9,730.6","8,293.8","3,786.8","1,152.5",809.5,166.2,717.1,889.6,329.4,11.4,8.9,2.3,4.7,17.7,38.2,10.0,6.8,967.7,"3,829.4",295.8,"3,533.6",536.9,590.6,779.1,570.3,208.8,556.3,519.8,"1,050.9","2,123.8","6,170.0","8,293.8","2,408.0",205.0,"1,092.6","1,756.9",628.2,"2,203.0","1,420.7",263.3,302.2,145.0,71.7,"8,293.8",847,383,240,"1,800","1,236",12,278,116,158,"1,717",-78,0,943,"5,852",$304.43,$304.43,$304.43,$304.43,$304.43,$304.43,$304.43,$304.43,"1,434.2",121.7,285.1,174.3,853.1,601.6,0.0,832.6